,row_id,USERID,TIMESTAMP,gender,currentRoutine,DOB,name,length,mass,dbversion,vibration,alarm,timer,sets,targetrep,age,zonedifference,location,use_location,screenon,auto_lock,lastlogs,preloadreps,exp_level,fit_goal,audio_reminder,audio_exercise_tips,audio_personal_tips
0,### WORKOUT SESSIONS #################################,,,,,,,,,,,,,,,,,,,,,,,,,,,
1,rowid,_id,USERID,edit_time,day_id,total_time,workout_time,rest_time,wasted_time,total_exercise,total_weight,recordbreak,starttime,endtime,workout_mode,TIMESTAMP,,,,,,,,,,,,
2,293965423,1,7317810,1550723647,0,80,0,0,80,0,0,0,1550698365,1550698445,0,2022-08-13 14:08:01,,,,,,,,,,,,
3,299772744,2,7317810,1552096282,2,3022,1052,1026,314,7,1693,7,1552060857,1552063879,0,2022-08-13 14:08:01,,,,,,,,,,,,
4,299775940,3,7317810,1552093777,8,987,372,487,0,3,3735,3,1552063987,1552064974,0,2022-08-13 14:08:01,,,,,,,,,,,,
5,300089644,4,7317810,1552177919,3,3749,1169,1920,0,12,5400,12,1552145361,1552149110,0,2022-08-13 14:08:01,,,,,,,,,,,,
6,300413531,5,7317810,1552268204,7,3728,1378,1357,363,8,7425,8,1552239275,1552243003,0,2022-08-13 14:08:01,,,,,,,,,,,,
7,300426805,6,7317810,1552271587,9,3296,519,566,1941,3,562.5,0,1552243090,1552246386,0,2022-08-13 14:08:01,,,,,,,,,,,,
8,301226349,7,7317810,1552440411,6,4619,1421,1289,829,12,5281.5,9,1552410591,1552415210,0,2022-08-13 14:08:01,,,,,,,,,,,,
9,301239055,8,7317810,1552442206,8,1582,354,301,657,3,525,1,1552415423,1552417005,0,2022-08-13 14:08:01,,,,,,,,,,,,
10,301744649,9,7317810,1552536405,5,3121,890,1183,418,7,1652,6,1552508078,1552511199,0,2022-08-13 14:08:01,,,,,,,,,,,,
11,302052121,10,7317810,1552610162,4,4449,1408,1741,580,8,4480,7,1552576911,1552581360,0,2022-08-13 14:08:01,,,,,,,,,,,,
12,302062403,11,7317810,1552608281,8,1552,354,660,358,3,540,0,1552581531,1552583083,0,2022-08-13 14:08:01,,,,,,,,,,,,
13,303964619,12,7317810,1553039138,2,4046,1212,1500,704,7,3084,3,1553002689,1553006735,0,2022-08-13 14:08:01,,,,,,,,,,,,
14,303977840,13,7317810,1553037454,8,1765,570,668,167,4,2275,1,1553006888,1553008653,0,2022-08-13 14:08:01,,,,,,,,,,,,
15,304546750,14,7317810,1553135319,3,3643,1189,1101,453,10,5394,3,1553102874,1553106517,0,2022-08-13 14:08:01,,,,,,,,,,,,
16,304970677,15,7317810,1553226829,7,4427,1356,1303,1048,8,10455,5,1553190000,1553194427,0,2022-08-13 14:08:01,,,,,,,,,,,,
17,304978165,16,7317810,1553224675,8,1326,414,455,187,3,2085,1,1553194548,1553195874,0,2022-08-13 14:08:01,,,,,,,,,,,,
18,305358826,17,7317810,1553301888,5,3775,1048,1350,747,7,1860,7,1553269311,1553273086,0,2022-08-13 14:08:01,,,,,,,,,,,,
19,305791234,18,7317810,1553399280,6,4234,1456,1459,239,12,5337,8,1553362639,1553366873,0,2022-08-13 14:08:01,,,,,,,,,,,,
20,305810907,19,7317810,1553397233,8,1371,508,484,109,3,2460,1,1553367059,1553368430,0,2022-08-13 14:08:01,,,,,,,,,,,,
21,306085193,20,7317810,1553487151,4,4495,1561,1498,716,8,6207,7,1553450253,1553454748,0,2022-08-13 14:08:01,,,,,,,,,,,,
22,306089539,21,7317810,1553484334,8,675,316,362,0,2,2160,0,1553454857,1553455532,0,2022-08-13 14:08:01,,,,,,,,,,,,
23,306996795,22,7317810,1553657464,2,4187,992,1284,1371,6,3075,2,1553620872,1553625059,0,2022-08-13 14:08:01,,,,,,,,,,,,
24,307004096,23,7317810,1553654726,8,666,272,451,0,2,1341,1,1553625258,1553625924,0,2022-08-13 14:08:01,,,,,,,,,,,,
25,307504131,24,7317810,1553746906,3,2762,1153,881,0,10,6989,5,1553715338,1553718100,0,2022-08-13 14:08:01,,,,,,,,,,,,
26,307966927,25,7317810,1553843037,7,3491,1403,1428,0,8,9875,4,1553803535,1553807026,0,2022-08-13 14:08:01,,,,,,,,,,,,
27,307974897,26,7317810,1553840834,8,1203,500,424,9,3,2660,1,1553807229,1553808432,0,2022-08-13 14:08:01,,,,,,,,,,,,
28,309950501,27,7317810,1554266828,5,3062,1035,1390,7,7,1890,5,1554220565,1554223627,0,2022-08-13 14:08:01,,,,,,,,,,,,
29,309968722,28,7317810,1554260811,8,1056,500,552,0,3,2815,1,1554223752,1554224808,0,2022-08-13 14:08:01,,,,,,,,,,,,
30,310422309,29,7317810,1554345432,6,4191,1498,1779,0,11,6639,5,1554305239,1554309430,0,2022-08-13 14:08:01,,,,,,,,,,,,
31,310712338,30,7317810,1554411832,4,5039,1399,1896,1024,8,6633,6,1554363587,1554368626,0,2022-08-13 14:08:01,,,,,,,,,,,,
32,310716442,31,7317810,1554405946,8,1186,516,533,0,3,2970,1,1554368759,1554369945,0,2022-08-13 14:08:01,,,,,,,,,,,,
33,311275311,32,7317810,1554508298,2,3544,1111,1424,379,7,3066,1,1554468753,1554472297,0,2022-08-13 14:08:01,,,,,,,,,,,,
34,311687729,33,7317810,1554607794,3,3253,1268,1586,0,11,7410,6,1554561340,1554564593,0,2022-08-13 14:08:01,,,,,,,,,,,,
35,311694323,34,7317810,1554601712,8,858,324,454,0,2,2238,1,1554564853,1554565711,0,2022-08-13 14:08:01,,,,,,,,,,,,
36,312028637,35,7317810,1554699616,7,3525,1462,1371,0,8,10395,3,1554652854,1554656379,0,2022-08-13 14:08:01,,,,,,,,,,,,
37,312037660,36,7317810,1554693345,8,808,342,300,0,2,1430,2,1554656534,1554657342,0,2022-08-13 14:08:01,,,,,,,,,,,,
38,312899415,37,7317810,1554839725,5,3158,919,1345,264,7,2030,6,1554807763,1554810921,0,2022-08-13 14:08:01,,,,,,,,,,,,
39,312916842,38,7317810,1554841193,8,1363,450,364,369,2,1800,2,1554811028,1554812391,0,2022-08-13 14:08:01,,,,,,,,,,,,
40,313480035,39,7317810,1554929961,0,4516,1398,1633,495,11,6160,5,1554903821,1554908337,0,2022-08-13 14:08:01,,,,,,,,,,,,
41,314049445,40,7317810,1555042385,4,4451,1551,1961,219,8,7140,4,1555001929,1555006380,0,2022-08-13 14:08:01,,,,,,,,,,,,
42,314055917,41,7317810,1555036022,12,764,320,363,0,2,2384,0,1555006456,1555007220,0,2022-08-13 14:08:01,,,,,,,,,,,,
43,314913576,42,7317810,1555216463,12,4431,1406,1646,659,8,4448,5,1555176028,1555180459,0,2022-08-13 14:08:01,,,,,,,,,,,,
44,314918320,43,7317810,1555209714,2,303,175,83,0,1,0,0,1555180611,1555180914,0,2022-08-13 14:08:01,,,,,,,,,,,,
45,315199917,44,7317810,1555290069,3,3391,1302,1635,0,11,7814,4,1555257876,1555261267,0,2022-08-13 14:08:01,,,,,,,,,,,,
46,315720175,45,7317810,1555387786,13,3567,1303,1694,0,8,8133,3,1555355416,1555358983,0,2022-08-13 14:08:01,,,,,,,,,,,,
47,316143677,46,7317810,1555461161,5,3280,864,1588,198,7,2127,5,1555429074,1555432354,0,2022-08-13 14:08:01,,,,,,,,,,,,
48,316692480,47,7317810,1555558602,6,3296,1296,1392,0,10,5792,5,1555525035,1555528331,0,2022-08-13 14:08:01,,,,,,,,,,,,
49,317077732,48,7317810,1555631003,4,4748,1230,1974,914,7,7798,6,1555597455,1555602203,0,2022-08-13 14:08:01,,,,,,,,,,,,
50,317478764,49,7317810,1555707802,0,83863,395,450,82838,2,2535,2,1555602336,1555686199,0,2022-08-13 14:08:01,,,,,,,,,,,,
51,319089288,50,7317810,1555708063,0,3600,144,0,3366,1,2520,0,1555624800,1555628400,0,2022-08-13 14:08:01,,,,,,,,,,,,
52,319089255,51,7317810,1556075306,2,3866,1088,1636,512,7,3106,2,1556035432,1556039298,0,2022-08-13 14:08:01,,,,,,,,,,,,
53,319099354,52,7317810,1556069609,13,1399,586,482,61,3,3040,3,1556039407,1556040806,0,2022-08-13 14:08:01,,,,,,,,,,,,
54,319496981,53,7317810,1556140644,3,3533,1240,1622,0,11,8190,6,1556108306,1556111839,0,2022-08-13 14:08:01,,,,,,,,,,,,
55,320049095,54,7317810,1556243523,7,3243,1203,1398,0,8,9408,4,1556211476,1556214719,0,2022-08-13 14:08:01,,,,,,,,,,,,
56,320055193,55,7317810,1556237580,12,1103,438,452,33,2,942,0,1556214872,1556215975,0,2022-08-13 14:08:01,,,,,,,,,,,,
57,320444220,56,7317810,1556311593,5,3588,837,1703,418,7,2016,0,1556293605,1556297193,0,2022-08-13 14:08:01,,,,,,,,,,,,
58,320851103,57,7317810,1556418222,6,3986,1321,1798,0,11,6753,6,1556385433,1556389419,0,2022-08-13 14:08:01,,,,,,,,,,,,
59,320855571,58,7317810,1556412022,13,835,384,452,0,2,1095,1,1556389583,1556390418,0,2022-08-13 14:08:01,,,,,,,,,,,,
60,321126649,59,7317810,1556493172,4,4420,1366,2085,249,8,7728,6,1556467151,1556471571,0,2022-08-13 14:08:01,,,,,,,,,,,,
61,322080133,60,7317810,1556668891,2,4327,1264,1728,705,7,4305,2,1556635757,1556640084,0,2022-08-13 14:08:01,,,,,,,,,,,,
62,322095053,61,7317810,1556663506,8,1673,384,440,579,3,2670,1,1556640230,1556641903,0,2022-08-13 14:08:01,,,,,,,,,,,,
63,323152669,62,7317810,1556840947,3,3279,1167,1658,0,11,7755,6,1556816067,1556819346,0,2022-08-13 14:08:01,,,,,,,,,,,,
64,325336936,63,7317810,1557269895,12,5797,1447,1856,1594,10,3062,4,1557242496,1557248293,0,2022-08-13 14:08:01,,,,,,,,,,,,
65,325833641,64,7317810,1557354042,6,4058,1463,1893,0,12,6982,2,1557328382,1557332440,0,2022-08-13 14:08:01,,,,,,,,,,,,
66,326349534,65,7317810,1557440255,7,4066,1785,1552,0,10,8194.5,7,1557421790,1557425856,0,2022-08-13 14:08:01,,,,,,,,,,,,
67,327175035,66,7317810,1557600203,0,159860,116,121,159533,1,3770,1,1557425943,1557585803,0,2022-08-13 14:08:01,,,,,,,,,,,,
68,327229079,67,7317810,1557615853,2,4529,1301,2064,444,8,3753,2,1557589722,1557594251,0,2022-08-13 14:08:01,,,,,,,,,,,,
69,327566946,68,7317810,1557703744,3,3302,1049,1684,0,11,7752.5,3,1557678843,1557682145,0,2022-08-13 14:08:01,,,,,,,,,,,,
70,327566925,69,7317810,1557705139,8,1268,393,510,95,3,901,0,1557682268,1557683536,0,2022-08-13 14:08:01,,,,,,,,,,,,
71,328039799,70,7317810,1557787514,4,4664,1471,2214,169,9,9596,4,1557761249,1557765913,0,2022-08-13 14:08:01,,,,,,,,,,,,
72,328637711,71,7317810,1557873353,5,5683,1569,2609,605,10,3403,4,1557846067,1557851750,0,2022-08-13 14:08:01,,,,,,,,,,,,
73,329199189,72,7317810,1557963076,6,3741,1327,1893,0,11,6459,3,1557937734,1557941475,0,2022-08-13 14:08:01,,,,,,,,,,,,
74,331371613,73,7317810,1558392860,2,4959,2227,2318,0,11,6499,2,1558366298,1558371257,0,2022-08-13 14:08:01,,,,,,,,,,,,
75,331896630,74,7317810,1558471272,3,3819,1694,1500,0,12,8340,5,1558451997,1558455816,0,2022-08-13 14:08:01,,,,,,,,,,,,
76,332448864,75,7317810,1558564903,8,4542,1661,1954,0,11,11508,3,1558538754,1558543296,0,2022-08-13 14:08:01,,,,,,,,,,,,
77,334162493,76,7317810,1558899300,12,49,60,32,0,1,22.5,0,1558884851,1558884900,0,2022-08-13 14:08:01,,,,,,,,,,,,
78,335148848,77,7317810,1559089125,2,5063,1342,2713,108,10,5363,1,1559062461,1559067524,0,2022-08-13 14:08:01,,,,,,,,,,,,
79,335648657,78,7317810,1559170630,3,2938,866,1708,0,10,7035,0,1559146090,1559149028,0,2022-08-13 14:08:01,,,,,,,,,,,,
80,336221251,79,7317810,1559253878,7,3951,1517,1820,0,11,9434,5,1559235526,1559239477,0,2022-08-13 14:08:01,,,,,,,,,,,,
81,336617749,80,7317810,1559333666,5,3545,1095,1751,69,7,2727,0,1559308519,1559312064,0,2022-08-13 14:08:01,,,,,,,,,,,,
82,337061992,81,7317810,1559422777,13,4670,2346,2168,0,14,10308,4,1559396503,1559401173,0,2022-08-13 14:08:01,,,,,,,,,,,,
83,337482771,82,7317810,1559524896,4,3889,1218,2017,24,7,8090,2,1559499405,1559503294,0,2022-08-13 14:08:01,,,,,,,,,,,,
84,338589066,83,7317810,1559695018,2,5101,1529,2862,0,10,4287,2,1559668309,1559673410,0,2022-08-13 14:08:01,,,,,,,,,,,,
85,339088601,84,7317810,1559772202,3,3902,1105,1726,81,11,8541,5,1559746693,1559750595,0,2022-08-13 14:08:01,,,,,,,,,,,,
86,339653964,85,7317810,1559862800,12,4360,1683,1779,0,11,12017,2,1559836825,1559841185,0,2022-08-13 14:08:01,,,,,,,,,,,,
87,342039946,86,7317810,1560299882,12,4215,1173,2120,112,9,4955,5,1560274066,1560278281,0,2022-08-13 14:08:01,,,,,,,,,,,,
88,342635053,87,7317810,1560389967,6,3069,1108,1970,0,11,7302,3,1560365296,1560368365,0,2022-08-13 14:08:01,,,,,,,,,,,,
89,343098446,88,7317810,1560470007,13,5195,2649,2256,0,11,12770,6,1560443211,1560448406,0,2022-08-13 14:08:01,,,,,,,,,,,,
90,343522628,89,7317810,1560547218,2,4133,1000,2318,95,8,3675,1,1560521484,1560525617,0,2022-08-13 14:08:01,,,,,,,,,,,,
91,344118413,90,7317810,1560646469,8,4608,1385,2258,0,13,8588,6,1560620261,1560624869,0,2022-08-13 14:08:01,,,,,,,,,,,,
92,344483654,91,7317810,1560729244,7,3503,1120,1534,219,7,11842,2,1560704136,1560707639,0,2022-08-13 14:08:01,,,,,,,,,,,,
93,345802497,92,7317810,1560906411,12,5427,1389,2347,791,10,3817,3,1560879374,1560884801,0,2022-08-13 14:08:01,,,,,,,,,,,,
94,346361404,93,7317810,1560981127,6,3532,1183,1985,0,11,6484,2,1560955994,1560959526,0,2022-08-13 14:08:01,,,,,,,,,,,,
95,346972529,94,7317810,1561070945,4,4216,1101,2015,470,7,7899,5,1561045127,1561049343,0,2022-08-13 14:08:01,,,,,,,,,,,,
96,350225526,95,7317810,1561589342,0,5466,1659,3037,0,11,5220,2,1561562273,1561567739,0,2022-08-13 14:08:01,,,,,,,,,,,,
97,350855114,96,7317810,1561675170,3,3481,1087,1981,0,11,8073,3,1561650086,1561653567,0,2022-08-13 14:08:01,,,,,,,,,,,,
98,351446557,97,7317810,1561762154,7,3292,1060,1474,128,7,11305,2,1561737255,1561740547,0,2022-08-13 14:08:01,,,,,,,,,,,,
99,351950967,98,7317810,1561852400,12,4190,1176,2198,6,9,3447,4,1561826610,1561830800,0,2022-08-13 14:08:01,,,,,,,,,,,,
100,352276880,99,7317810,1561937950,13,4608,2606,2167,0,14,10668,1,1561911180,1561915788,0,2022-08-13 14:08:01,,,,,,,,,,,,
101,352784994,100,7317810,1562023190,4,4823,1123,1931,1139,7,10045,4,1561995900,1562000723,0,2022-08-13 14:08:01,,,,,,,,,,,,
102,353485090,101,7317810,1562110001,8,6552,1749,2982,831,11,5467,0,1562081845,1562088397,0,2022-08-13 14:08:01,,,,,,,,,,,,
103,354067310,102,7317810,1562193137,12,4395,1429,2345,0,13,9125,6,1562167137,1562171532,0,2022-08-13 14:08:01,,,,,,,,,,,,
104,354635963,103,7317810,1562278532,7,3137,1160,1533,0,7,12976,2,1562253792,1562256929,0,2022-08-13 14:08:01,,,,,,,,,,,,
105,356963012,104,7317810,1562716030,5,4578,1341,2464,0,10,6535,3,1562689843,1562694421,0,2022-08-13 14:08:01,,,,,,,,,,,,
106,357579248,105,7317810,1562801002,12,4865,1639,2328,0,13,6779,4,1562774534,1562779399,0,2022-08-13 14:08:01,,,,,,,,,,,,
107,358132142,106,7317810,1562885810,4,3875,1181,2016,48,7,10834,5,1562860330,1562864205,0,2022-08-13 14:08:01,,,,,,,,,,,,
108,359081353,107,7317810,1563049141,19,3736,864,2186,56,7,3758,2,1563023802,1563027538,0,2022-08-13 14:08:01,,,,,,,,,,,,
109,359966362,108,7317810,1563225795,8,5624,1899,3146,0,12,5112,1,1563198571,1563204195,0,2022-08-13 14:08:01,,,,,,,,,,,,
110,360620706,109,7317810,1563309667,3,4198,1055,1845,308,11,4421,1,1563283868,1563288066,0,2022-08-13 14:08:01,,,,,,,,,,,,
111,361227046,110,7317810,1563402284,7,3812,1268,1625,289,7,10168,2,1563369663,1563373475,0,2022-08-13 14:08:01,,,,,,,,,,,,
112,361318591,111,7317810,1563405679,12,764,468,332,0,3,984,1,1563383303,1563384067,0,2022-08-13 14:08:01,,,,,,,,,,,,
113,361797498,112,7317810,1563477414,5,3631,993,1746,262,7,2161.25,0,1563455678,1563459309,0,2022-08-13 14:08:01,,,,,,,,,,,,
114,362343483,113,7317810,1563567605,6,3959,1295,2077,0,11,5529,2,1563542039,1563545998,0,2022-08-13 14:08:01,,,,,,,,,,,,
115,363783408,114,7317810,1563643749,4,4320,1315,1684,691,7,11055,0,1563625030,1563629350,0,2022-08-13 14:08:01,,,,,,,,,,,,
116,363783372,115,7317810,1563973879,8,5573,1967,2919,0,11,4971,2,1563805784,1563811357,0,2022-08-13 14:08:01,,,,,,,,,,,,
117,364453694,116,7317810,1563973921,3,3613,1138,1834,0,11,4914,3,1563889414,1563893027,0,2022-08-13 14:08:01,,,,,,,,,,,,
118,365190324,117,7317810,1564000368,7,3581,1309,1655,0,7,9910,1,1563975185,1563978766,0,2022-08-13 14:08:01,,,,,,,,,,,,
119,365347202,118,7317810,1564016587,12,562,357,182,0,2,396,0,1563994423,1563994985,0,2022-08-13 14:08:01,,,,,,,,,,,,
120,365993883,119,7317810,1564101471,5,3248,1140,1568,0,7,2110,0,1564076621,1564079869,0,2022-08-13 14:08:01,,,,,,,,,,,,
121,366491360,120,7317810,1564172744,6,3560,1306,1894,0,11,5281,1,1564147583,1564151143,0,2022-08-13 14:08:01,,,,,,,,,,,,
122,367059123,121,7317810,1564260710,4,4116,1204,1893,389,7,9860,0,1564234992,1564239108,0,2022-08-13 14:08:01,,,,,,,,,,,,
123,367545624,122,7317810,1564355281,13,668,630,181,0,3,1380,1,1564333007,1564333675,0,2022-08-13 14:08:01,,,,,,,,,,,,
124,368128190,123,7317810,1564438001,2,4345,1648,2438,0,8,3582,0,1564412055,1564416400,0,2022-08-13 14:08:01,,,,,,,,,,,,
125,370281956,124,7317810,1564697939,8,5140,1230,2484,616,9,7280,1,1564671196,1564676336,0,2022-08-13 14:08:01,,,,,,,,,,,,
126,371413861,125,7317810,1564863446,20,4978,1365,2679,214,8,6765,2,1564836865,1564841843,0,2022-08-13 14:08:01,,,,,,,,,,,,
127,373297414,126,7317810,1565131115,21,5660,1145,3038,757,8,8363,2,1565103852,1565109512,0,2022-08-13 14:08:01,,,,,,,,,,,,
128,374004955,127,7317810,1565216348,12,763,366,151,66,2,408,0,1565193982,1565194745,0,2022-08-13 14:08:01,,,,,,,,,,,,
129,376006958,128,7317810,1565477211,20,5129,1222,2767,420,8,7184,1,1565450479,1565455608,0,2022-08-13 14:08:01,,,,,,,,,,,,
130,377104216,129,7317810,1565658000,13,474,630,181,0,3,1380,0,1565635924,1565636398,0,2022-08-13 14:08:01,,,,,,,,,,,,
131,377777783,130,7317810,1565733767,21,5927,1315,3246,556,9,8444,3,1565706234,1565712161,0,2022-08-13 14:08:01,,,,,,,,,,,,
132,379916973,131,7317810,1565990018,22,6262,1574,2736,1142,9,4644,1,1565962151,1565968413,0,2022-08-13 14:08:01,,,,,,,,,,,,
133,380536968,132,7317810,1566076377,23,5582,1495,2702,575,9,9500,1,1566049192,1566054774,0,2022-08-13 14:08:01,,,,,,,,,,,,
134,383945329,133,7317810,1566512407,23,5256,1327,2930,189,9,8676,1,1566485548,1566490804,0,2022-08-13 14:08:01,,,,,,,,,,,,
135,385204928,134,7317810,1566681576,20,5760,1598,2707,645,9,8143,0,1566654214,1566659974,0,2022-08-13 14:08:01,,,,,,,,,,,,
136,387019287,135,7317810,1566939977,21,5739,1195,2887,937,8,4418,1,1566912636,1566918375,0,2022-08-13 14:08:01,,,,,,,,,,,,
137,388587341,136,7317810,1567117703,22,6404,1688,2540,1366,9,4931,3,1567089696,1567096100,0,2022-08-13 14:08:01,,,,,,,,,,,,
138,389796599,137,7317810,1567286653,23,6082,1517,2707,1048,9,10043,0,1567258970,1567265052,0,2022-08-13 14:08:01,,,,,,,,,,,,
139,391605333,138,7317810,1567545843,21,6877,1343,2915,1809,9,9097,2,1567517364,1567524241,0,2022-08-13 14:08:01,,,,,,,,,,,,
140,393203983,139,7317810,1567716598,22,5674,1560,2777,527,9,4583,3,1567689322,1567694996,0,2022-08-13 14:08:01,,,,,,,,,,,,
141,394584223,140,7317810,1567891575,23,5443,1579,2626,428,9,10539,1,1567864531,1567869974,0,2022-08-13 14:08:01,,,,,,,,,,,,
142,396673737,141,7317810,1568149123,21,5795,1363,3085,537,9,8731,1,1568121727,1568127522,0,2022-08-13 14:08:01,,,,,,,,,,,,
143,398335315,142,7317810,1568321599,22,5627,1595,2685,537,9,4650,2,1568294371,1568299998,0,2022-08-13 14:08:01,,,,,,,,,,,,
144,399639889,143,7317810,1568493440,23,5338,1559,2766,203,9,11320,0,1568466499,1568471837,0,2022-08-13 14:08:01,,,,,,,,,,,,
145,400851500,144,7317810,1568671890,19,5927,1163,3075,879,9,8404,3,1568644360,1568650287,0,2022-08-13 14:08:01,,,,,,,,,,,,
146,402467831,145,7317810,1568839874,20,5567,1663,2566,528,9,10253,3,1568812705,1568818272,0,2022-08-13 14:08:01,,,,,,,,,,,,
147,410565849,146,7317810,1569881736,21,5299,1095,2706,688,9,8345,1,1569854836,1569860135,0,2022-08-13 14:08:01,,,,,,,,,,,,
148,412113467,147,7317810,1570039169,21,6563,1496,2852,1225,11,8379,5,1570011004,1570017567,0,2022-08-13 14:08:01,,,,,,,,,,,,
149,413267430,148,7317810,1570151804,23,5167,1407,2677,273,9,13569,2,1570125035,1570130202,0,2022-08-13 14:08:01,,,,,,,,,,,,
150,415674990,149,7317810,1570481438,21,6177,1247,2827,1293,9,10600,3,1570453659,1570459836,0,2022-08-13 14:08:01,,,,,,,,,,,,
151,417484205,150,7317810,1570662355,22,6629,1521,2670,1628,9,4983,5,1570634124,1570640753,0,2022-08-13 14:08:01,,,,,,,,,,,,
152,420069836,151,7317810,1571006672,23,5536,1375,2644,707,9,13128,2,1570979533,1570985069,0,2022-08-13 14:08:01,,,,,,,,,,,,
153,420608148,152,7317810,1571085604,21,6103,1374,3009,820,10,10488,4,1571057898,1571064001,0,2022-08-13 14:08:01,,,,,,,,,,,,
154,422393349,153,7317810,1571264494,22,6652,1497,2682,1663,9,5145,5,1571236238,1571242890,0,2022-08-13 14:08:01,,,,,,,,,,,,
155,423941613,154,7317810,1571429319,23,5121,1419,2645,247,9,13242,1,1571402596,1571407717,0,2022-08-13 14:08:01,,,,,,,,,,,,
156,425856662,155,7317810,1571690563,21,5617,1063,2822,1012,8,4533,2,1571663343,1571668960,0,2022-08-13 14:08:01,,,,,,,,,,,,
157,431034706,156,7317810,1572306978,21,4821,1118,2462,341,10,11715,7,1572280556,1572285377,0,2022-08-13 14:08:01,,,,,,,,,,,,
158,431041732,157,7317810,1572303877,21,477,186,261,0,2,4074,0,1572285399,1572285876,0,2022-08-13 14:08:01,,,,,,,,,,,,
159,432666144,158,7317810,1572473272,22,6609,1512,2497,1790,9,5582.5,5,1572448660,1572455269,0,2022-08-13 14:08:01,,,,,,,,,,,,
160,434242263,159,7317810,1572650257,23,5410,1474,2677,449,9,14153,1,1572626827,1572632237,0,2022-08-13 14:08:01,,,,,,,,,,,,
161,436133954,160,7317810,1572911693,21,6240,1170,2960,1210,10,8692,4,1572887451,1572893691,0,2022-08-13 14:08:01,,,,,,,,,,,,
162,437992628,161,7317810,1573091506,22,4255,948,1532,1325,5,3050,2,1573069249,1573073504,0,2022-08-13 14:08:01,,,,,,,,,,,,
163,439238004,162,7317810,1573234717,23,5741,1940,2880,0,13,16582,4,1573210974,1573216715,0,2022-08-13 14:08:01,,,,,,,,,,,,
164,442185290,163,7317810,1573593969,22,6155,1261,2974,1020,10,5228,4,1573569811,1573575966,0,2022-08-13 14:08:01,,,,,,,,,,,,
165,446583765,164,7317810,1574112008,21,6629,1206,3065,1458,10,7569,1,1574087376,1574094005,0,2022-08-13 14:08:01,,,,,,,,,,,,
166,448451882,165,7317810,1574287168,22,5857,1592,2368,1087,9,6645,4,1574262683,1574268540,0,2022-08-13 14:08:01,,,,,,,,,,,,
167,450068683,166,7317810,1574460480,23,5304,1328,2407,759,9,12154,2,1574437174,1574442478,0,2022-08-13 14:08:01,,,,,,,,,,,,
168,452878518,167,7317810,1574806431,20,5829,1001,2747,1361,8,3447,2,1574782600,1574788429,0,2022-08-13 14:08:01,,,,,,,,,,,,
169,454588421,168,7317810,1574991556,19,4821,1020,2141,1030,7,4459,4,1574968733,1574973554,0,2022-08-13 14:08:01,,,,,,,,,,,,
170,456767021,169,7317810,1575318750,26,5413,972,2217,1594,7,2079,3,1575298930,1575304343,0,2022-08-13 14:08:01,,,,,,,,,,,,
171,457786358,170,7317810,1575411807,27,3959,1020,1961,348,7,5950,2,1575389844,1575393803,0,2022-08-13 14:08:01,,,,,,,,,,,,
172,459251032,171,7317810,1575566163,28,4471,1411,1964,466,7,7340,3,1575543690,1575548161,0,2022-08-13 14:08:01,,,,,,,,,,,,
173,459963019,172,7317810,1575647886,29,4326,999,2340,267,8,3210,1,1575625557,1575629883,0,2022-08-13 14:08:01,,,,,,,,,,,,
174,462080225,173,7317810,1575928392,26,5175,1144,2380,1021,7,2337,4,1575905213,1575910388,0,2022-08-13 14:08:01,,,,,,,,,,,,
175,462984796,174,7317810,1576017209,27,4356,1056,2315,265,8,5173,0,1575994850,1575999206,0,2022-08-13 14:08:01,,,,,,,,,,,,
176,467483239,175,7317810,1576546359,28,4278,1464,1649,535,7,7820,2,1576524076,1576528354,0,2022-08-13 14:08:01,,,,,,,,,,,,
177,468177061,176,7317810,1576615975,29,5365,1108,2376,1161,8,3630,2,1576592608,1576597973,0,2022-08-13 14:08:01,,,,,,,,,,,,
178,469933584,177,7317810,1576796025,26,4180,1037,2316,197,7,2178,2,1576773840,1576778020,0,2022-08-13 14:08:01,,,,,,,,,,,,
179,470449708,178,7317810,1576861373,27,4815,1142,2318,635,8,5491,2,1576838556,1576843371,0,2022-08-13 14:08:01,,,,,,,,,,,,
180,485169872,179,7317810,1578598158,28,4096,1193,1754,519,7,6815,2,1578576058,1578580154,0,2022-08-13 14:08:01,,,,,,,,,,,,
181,486221956,180,7317810,1578696844,29,4511,1015,2404,372,8,3435,0,1578674327,1578678838,0,2022-08-13 14:08:01,,,,,,,,,,,,
182,489480997,181,7317810,1579036586,26,4228,974,2190,434,7,2580,2,1579014352,1579018580,0,2022-08-13 14:08:01,,,,,,,,,,,,
183,490497243,182,7317810,1579121717,27,5334,988,2436,1190,8,4687,1,1579098381,1579103715,0,2022-08-13 14:08:01,,,,,,,,,,,,
184,491486045,183,7317810,1579210017,28,4114,1297,1940,247,7,7485,1,1579187899,1579192013,0,2022-08-13 14:08:01,,,,,,,,,,,,
185,495544054,184,7317810,1579642859,29,4670,1082,2461,407,8,3617,0,1579620183,1579624853,0,2022-08-13 14:08:01,,,,,,,,,,,,
186,498333101,185,7317810,1579895866,26,4141,1076,2141,294,7,2764,2,1579873724,1579877865,0,2022-08-13 14:08:01,,,,,,,,,,,,
187,502669041,186,7317810,1580337775,27,4650,1084,2314,532,8,5185,1,1580315121,1580319771,0,2022-08-13 14:08:01,,,,,,,,,,,,
188,507700502,187,7317810,1580862614,28,2827,712,1083,762,3,2520,0,1580841784,1580844611,0,2022-08-13 14:08:01,,,,,,,,,,,,
189,512725983,188,7317810,1581384355,26,4299,1071,2440,158,7,2961,1,1581362053,1581366352,0,2022-08-13 14:08:01,,,,,,,,,,,,
190,513749899,189,7317810,1581470562,27,4079,974,1872,513,8,5770,2,1581448481,1581452560,0,2022-08-13 14:08:01,,,,,,,,,,,,
191,515476036,190,7317810,1581628161,28,4189,1092,1805,662,7,5380,2,1581605972,1581610161,0,2022-08-13 14:08:01,,,,,,,,,,,,
192,517225384,191,7317810,1581808460,29,3976,966,1848,442,8,3017,0,1581786475,1581790451,0,2022-08-13 14:08:01,,,,,,,,,,,,
193,518558732,192,7317810,1581973831,26,3774,1050,1556,538,7,2814,1,1581952058,1581955832,0,2022-08-13 14:08:01,,,,,,,,,,,,
194,519669977,193,7317810,1582064377,0,4236,1030,1955,531,8,5955,2,1582042141,1582046377,0,2022-08-13 14:08:01,,,,,,,,,,,,
195,520708407,194,7317810,1582148538,0,3542,1058,1744,110,7,13485,3,1582126991,1582130533,0,2022-08-13 14:08:01,,,,,,,,,,,,
196,527000248,195,7317810,1582754449,0,3707,998,1741,338,7,3772,0,1582732741,1582736448,0,2022-08-13 14:08:01,,,,,,,,,,,,
197,528829608,196,7317810,1582926656,0,3615,834,1825,326,7,5829,1,1582905039,1582908654,0,2022-08-13 14:08:01,,,,,,,,,,,,
198,529482227,197,7317810,1583003580,0,3304,993,1668,13,7,2040,1,1582982270,1582985574,0,2022-08-13 14:08:01,,,,,,,,,,,,
199,530744174,198,7317810,1583166926,0,3253,859,1794,0,7,5774,0,1583145672,1583148925,0,2022-08-13 14:08:01,,,,,,,,,,,,
200,534168457,199,7317810,1593115466,0,3467,1023,1564,250,7,3918,5,1583426820,1583430287,0,2022-08-13 14:08:01,,,,,,,,,,,,
201,535016697,200,7317810,1583529380,0,3485,993,1601,261,7,2835,3,1583507891,1583511376,0,2022-08-13 14:08:01,,,,,,,,,,,,
202,538238202,201,7317810,1583872325,0,2281,888,1393,0,7,5949,2,1583780623,1583783522,0,2022-08-13 14:08:01,,,,,,,,,,,,
203,538293477,202,7317810,1583872963,0,4027,922,1903,572,7,4965,1,1583850938,1583854965,0,2022-08-13 14:08:01,,,,,,,,,,,,
204,540317849,203,7317810,1584046095,0,3869,1213,1636,390,7,3470,1,1584027828,1584031697,0,2022-08-13 14:08:01,,,,,,,,,,,,
205,604476973,204,7317810,1591988356,30,3632,864,1896,242,7,7119,1,1591970326,1591973958,0,2022-08-13 14:08:01,,,,,,,,,,,,
206,604476974,205,7317810,1592333158,30,3164,851,1986,0,7,7163,1,1592315596,1592318760,0,2022-08-13 14:08:01,,,,,,,,,,,,
207,604738640,206,7317810,1592519183,0,3920,1017,2020,253,7,6271,4,1592490574,1592494494,0,2022-08-13 14:08:01,,,,,,,,,,,,
208,607201501,207,7317810,1592761016,0,3486,1218,1704,0,7,3586,1,1592656339,1592659825,0,2022-08-13 14:08:01,,,,,,,,,,,,
209,609505045,208,7317810,1592946887,0,3885,864,1760,631,7,7704,2,1592921401,1592925286,0,2022-08-13 14:08:01,,,,,,,,,,,,
210,612007159,209,7317810,1593117172,0,3463,993,1723,117,7,5562,1,1593092107,1593095570,0,2022-08-13 14:08:01,,,,,,,,,,,,
211,614094415,210,7317810,1593285342,0,3407,1272,1740,0,7,5100,1,1593260335,1593263742,0,2022-08-13 14:08:01,,,,,,,,,,,,
212,616059493,211,7317810,1593469611,0,3220,1023,1694,0,7,5601,1,1593444790,1593448010,0,2022-08-13 14:08:01,,,,,,,,,,,,
213,622092976,212,7317810,1593890688,0,3563,1272,1721,0,7,5316,0,1593865523,1593869086,0,2022-08-13 14:08:01,,,,,,,,,,,,
214,625505612,213,7317810,1594153127,0,3334,834,2051,0,7,7971,3,1594128191,1594131525,0,2022-08-13 14:08:01,,,,,,,,,,,,
215,628383295,214,7317810,1594330448,0,4545,1023,1681,1211,7,5829,2,1594304300,1594308845,0,2022-08-13 14:08:01,,,,,,,,,,,,
216,630693264,215,7317810,1594499299,0,3968,1256,1596,486,7,6152,2,1594473729,1594477697,0,2022-08-13 14:08:01,,,,,,,,,,,,
217,634015375,216,7317810,1594756234,36,4206,1042,1961,573,7,4982.5,3,1594734884,1594739090,0,2022-08-13 14:08:01,,,,,,,,,,,,
218,636464592,217,7317810,1594933351,37,3810,868,2318,0,7,2964.5,3,1594907941,1594911751,0,2022-08-13 14:08:01,,,,,,,,,,,,
219,638563120,218,7317810,1595108237,38,3682,1050,1960,42,7,8581.25,2,1595082955,1595086637,0,2022-08-13 14:08:01,,,,,,,,,,,,
220,644225822,219,7317810,1595358689,36,4305,1119,2696,0,7,5574,1,1595339984,1595344289,0,2022-08-13 14:08:01,,,,,,,,,,,,
221,644225807,220,7317810,1595537063,37,3858,888,2105,235,7,3654,3,1595511605,1595515463,0,2022-08-13 14:08:01,,,,,,,,,,,,
222,645413148,221,7317810,1595625692,38,4235,1095,1957,553,7,9137.25,1,1595599857,1595604092,0,2022-08-13 14:08:01,,,,,,,,,,,,
223,654336254,222,7317810,1595877874,36,4349,1170,2576,0,7,5418.75,1,1595859125,1595863474,0,2022-08-13 14:08:01,,,,,,,,,,,,
224,654336255,223,7317810,1596049854,37,4800,896,2292,982,7,3656,1,1596030654,1596035454,0,2022-08-13 14:08:01,,,,,,,,,,,,
225,654336246,224,7317810,1596315756,38,4085,1079,1968,408,7,9217.25,1,1596290071,1596294156,0,2022-08-13 14:08:01,,,,,,,,,,,,
226,658637999,225,7317810,1596488650,36,4302,1170,2314,188,7,5628.75,2,1596462748,1596467050,0,2022-08-13 14:08:01,,,,,,,,,,,,
227,669651363,226,7317810,1596748416,37,4654,900,2328,796,7,3612,1,1596722162,1596726816,0,2022-08-13 14:08:01,,,,,,,,,,,,
228,673383590,227,7317810,1596920326,38,3879,1078,1996,175,7,9444.25,0,1596894847,1596898726,0,2022-08-13 14:08:01,,,,,,,,,,,,
229,683794062,228,7317810,1597782088,39,3745,888,2035,192,7,9420,2,1597756743,1597760488,0,2022-08-13 14:08:01,,,,,,,,,,,,
230,685184443,229,7317810,1597870781,40,4035,1014,2580,0,7,4057,2,1597845146,1597849181,0,2022-08-13 14:08:01,,,,,,,,,,,,
231,687513972,230,7317810,1598044425,41,3928,1128,2016,154,7,8910,1,1598018897,1598022825,0,2022-08-13 14:08:01,,,,,,,,,,,,
232,688398558,231,7317810,1598127518,42,3824,940,2005,249,7,3222,3,1598102094,1598105918,0,2022-08-13 14:08:01,,,,,,,,,,,,
233,691515840,232,7317810,1598392318,39,3592,888,1921,153,7,9390,1,1598367126,1598370718,0,2022-08-13 14:08:01,,,,,,,,,,,,
234,693885693,233,7317810,1598562254,40,3980,1029,2397,0,7,4285,0,1598536674,1598540654,0,2022-08-13 14:08:01,,,,,,,,,,,,
235,695049070,234,7317810,1598649358,42,4566,1186,1917,653,9,7838.25,3,1598623192,1598627758,0,2022-08-13 14:08:01,,,,,,,,,,,,
236,698568203,235,7317810,1598994962,39,4560,888,2060,982,7,9480,1,1598968802,1598973362,0,2022-08-13 14:08:01,,,,,,,,,,,,
237,699785712,236,7317810,1599079868,40,4147,1029,2469,19,7,4215,0,1599054121,1599058268,0,2022-08-13 14:08:01,,,,,,,,,,,,
238,702144255,237,7317810,1599251472,41,4154,1158,1894,472,7,9015,0,1599225718,1599229872,0,2022-08-13 14:08:01,,,,,,,,,,,,
239,703103315,238,7317810,1599338284,42,3570,952,1988,0,7,3480.25,3,1599313114,1599316684,0,2022-08-13 14:08:01,,,,,,,,,,,,
240,706125449,239,7317810,1599596865,39,3566,888,1974,74,7,9630,1,1599571699,1599575265,0,2022-08-13 14:08:01,,,,,,,,,,,,
241,707681801,240,7317810,1599687454,40,4068,1029,2414,0,7,4215,0,1599661786,1599665854,0,2022-08-13 14:08:01,,,,,,,,,,,,
242,709969602,241,7317810,1599858795,41,3360,1188,1720,0,7,9690,1,1599833835,1599837195,0,2022-08-13 14:08:01,,,,,,,,,,,,
243,710835881,242,7317810,1599941505,42,3416,960,2137,0,7,3518.25,2,1599916489,1599919905,0,2022-08-13 14:08:01,,,,,,,,,,,,
244,712564304,243,7317810,1600122042,39,3201,702,1687,272,6,7490,2,1600097241,1600100442,0,2022-08-13 14:08:01,,,,,,,,,,,,
245,713952210,244,7317810,1600208634,40,3031,914,1639,0,6,6067,3,1600184003,1600187034,0,2022-08-13 14:08:01,,,,,,,,,,,,
246,715230377,245,7317810,1600290657,41,3158,958,1471,189,6,7693,1,1600265899,1600269057,0,2022-08-13 14:08:01,,,,,,,,,,,,
247,727141808,246,7317810,1601160497,43,4108,1252,2191,35,7,11415,0,1601134789,1601138897,0,2022-08-13 14:08:01,,,,,,,,,,,,
248,728891123,247,7317810,1601328666,44,3629,1214,2336,0,7,5494,2,1601303437,1601307066,0,2022-08-13 14:08:01,,,,,,,,,,,,
249,731616609,248,7317810,1601497568,45,3281,1001,1825,0,7,7182.5,3,1601472687,1601475968,0,2022-08-13 14:08:01,,,,,,,,,,,,
250,733945236,249,7317810,1601661774,46,4096,1121,2072,183,8,8763.5,3,1601636078,1601640174,0,2022-08-13 14:08:01,,,,,,,,,,,,
251,738408291,250,7317810,1602020295,43,3764,1080,1977,77,7,10973,2,1601994931,1601998695,0,2022-08-13 14:08:01,,,,,,,,,,,,
252,739739994,251,7317810,1602104185,44,4266,1219,2224,193,7,5891.5,0,1602078319,1602082585,0,2022-08-13 14:08:01,,,,,,,,,,,,
253,741859324,252,7317810,1602264127,45,3489,1010,1782,67,7,7630,2,1602239038,1602242527,0,2022-08-13 14:08:01,,,,,,,,,,,,
254,743135330,253,7317810,1602364907,46,3701,1259,2068,0,8,10018.5,1,1602339606,1602343307,0,2022-08-13 14:08:01,,,,,,,,,,,,
255,744641936,254,7317810,1602523131,44,4618,1254,2445,289,7,5932.5,1,1602496913,1602501531,0,2022-08-13 14:08:01,,,,,,,,,,,,
256,746450851,255,7317810,1602625707,43,4752,1138,2140,844,7,11987,0,1602599355,1602604107,0,2022-08-13 14:08:01,,,,,,,,,,,,
257,747682424,256,7317810,1602697819,45,3138,1002,1773,0,7,7740,1,1602680280,1602683418,0,2022-08-13 14:08:01,,,,,,,,,,,,
258,748390700,257,7317810,1602768283,46,4369,1129,2459,61,8,9198.5,2,1602756713,1602761082,0,2022-08-13 14:08:01,,,,,,,,,,,,
259,755873808,258,7317810,1603305667,43,4087,1070,1973,414,7,11306.5,1,1603294379,1603298466,0,2022-08-13 14:08:01,,,,,,,,,,,,
260,756896615,259,7317810,1603389212,44,4263,1239,2483,0,7,5907,0,1603370549,1603374812,0,2022-08-13 14:08:01,,,,,,,,,,,,
261,758014961,260,7317810,1603469053,45,3432,1002,2033,0,7,7852.5,3,1603451221,1603454653,0,2022-08-13 14:08:01,,,,,,,,,,,,
262,759341519,261,7317810,1603566019,46,4348,1199,2209,220,8,10261,1,1603550871,1603555219,0,2022-08-13 14:08:01,,,,,,,,,,,,
263,761191617,262,7317810,1603732089,54,4148,977,2492,49,7,9044,3,1603720741,1603724889,0,2022-08-13 14:08:01,,,,,,,,,,,,
264,762434779,263,7317810,1603810882,55,3770,1311,2212,0,7,7390.5,1,1603799912,1603803682,0,2022-08-13 14:08:01,,,,,,,,,,,,
265,763699859,264,7317810,1603890344,56,4305,1282,2504,0,7,7762,4,1603878839,1603883144,0,2022-08-13 14:08:01,,,,,,,,,,,,
266,765504304,265,7317810,1604011258,0,4156,1148,2355,0,8,10463,0,1603970964,1603975120,1604007658,2022-08-13 14:08:01,,,,,,,,,,,,
267,776569351,266,7317810,1604939979,54,3897,926,2279,62,7,8471,1,1604928882,1604932779,0,2022-08-13 14:08:01,,,,,,,,,,,,
268,779106190,267,7317810,1605104728,55,4125,1377,2178,0,7,7627.5,0,1605093403,1605097528,0,2022-08-13 14:08:01,,,,,,,,,,,,
269,781189399,268,7317810,1605276362,56,4467,1312,2620,0,7,7622,1,1605264695,1605269162,0,2022-08-13 14:08:01,,,,,,,,,,,,
270,782284592,269,7317810,1605374045,57,3649,1048,2258,0,8,10653,0,1605363196,1605366845,0,2022-08-13 14:08:01,,,,,,,,,,,,
271,785221215,270,7317810,1605623848,55,3562,1422,2056,0,7,8315,2,1605613086,1605616648,0,2022-08-13 14:08:01,,,,,,,,,,,,
272,786528452,271,7317810,1605709527,54,4059,1082,2269,78,7,12629,2,1605698268,1605702327,0,2022-08-13 14:08:01,,,,,,,,,,,,
273,787896860,272,7317810,1605805123,62,3496,1114,2527,0,7,8210,1,1605794427,1605797923,0,2022-08-13 14:08:01,,,,,,,,,,,,
274,791203244,273,7317810,1606139593,54,3893,1112,2392,0,7,12584,0,1606128500,1606132393,0,2022-08-13 14:08:01,,,,,,,,,,,,
275,792552143,274,7317810,1606230465,55,4409,1350,2247,182,7,9043,3,1606218856,1606223265,0,2022-08-13 14:08:01,,,,,,,,,,,,
276,793821264,275,7317810,1606318209,56,3781,1282,2384,0,7,7469.5,3,1606307228,1606311009,0,2022-08-13 14:08:01,,,,,,,,,,,,
277,794828275,276,7317810,1606399615,57,4018,1194,2241,0,8,12469,2,1606388397,1606392415,0,2022-08-13 14:08:01,,,,,,,,,,,,
278,883649535,277,7317810,1613396824,64,1924,468,976,0,6,7860,0,1613387700,1613389624,0,2022-08-13 14:08:01,,,,,,,,,,,,
279,884487671,278,7317810,1613495872,0,2328,706,1262,0,7,3268,2,1613486343,1613488671,1613488672,2022-08-13 14:08:01,,,,,,,,,,,,
280,885090348,279,7317810,1613567947,66,1784,450,922,0,6,4838,1,1613558963,1613560747,0,2022-08-13 14:08:01,,,,,,,,,,,,
281,885908423,280,7317810,1613659057,67,1988,520,955,0,6,1526,0,1613649869,1613651857,0,2022-08-13 14:08:01,,,,,,,,,,,,
282,888361065,281,7317810,1614001749,64,2573,648,1320,65,6,10680,0,1613991976,1613994549,0,2022-08-13 14:08:01,,,,,,,,,,,,
283,890061172,282,7317810,1614176397,65,3372,939,1616,187,7,5571,2,1614165825,1614169197,0,2022-08-13 14:08:01,,,,,,,,,,,,
284,890795141,283,7317810,1614261665,66,3282,629,1275,838,6,10023,2,1614251183,1614254465,0,2022-08-13 14:08:01,,,,,,,,,,,,
285,891957121,284,7317810,1614434313,67,3060,660,1587,273,6,2498,2,1614424053,1614427113,0,2022-08-13 14:08:01,,,,,,,,,,,,
286,893122514,285,7317810,1614624480,43,3173,978,2002,0,7,10150,2,1614614107,1614617280,0,2022-08-13 14:08:01,,,,,,,,,,,,
287,893756010,286,7317810,1614705636,0,3387,1264,1900,0,8,5249,1,1614695049,1614698436,1614698437,2022-08-13 14:08:01,,,,,,,,,,,,
288,894463935,287,7317810,1614792295,45,2907,1077,1760,0,8,6855,0,1614782188,1614785095,0,2022-08-13 14:08:01,,,,,,,,,,,,
289,895117562,288,7317810,1614879038,46,3579,1072,2226,0,8,8768.5,1,1614868259,1614871838,0,2022-08-13 14:08:01,,,,,,,,,,,,
290,897899619,289,7317810,1615313980,43,4470,1074,2116,650,7,11067,0,1615302310,1615306780,0,2022-08-13 14:08:01,,,,,,,,,,,,
291,898564372,290,7317810,1615402402,44,4064,1239,2064,131,7,5947.5,0,1615391138,1615395202,0,2022-08-13 14:08:01,,,,,,,,,,,,
292,898980301,291,7317810,1615469027,45,2495,1014,1833,0,7,6952.5,1,1615459332,1615461827,0,2022-08-13 14:08:01,,,,,,,,,,,,
293,900046879,292,7317810,1615639095,46,3778,1133,2092,0,8,9676,0,1615628117,1615631895,0,2022-08-13 14:08:01,,,,,,,,,,,,
294,901049589,293,7317810,1615819476,43,3739,1062,2179,0,7,10997,0,1615808537,1615812276,0,2022-08-13 14:08:01,,,,,,,,,,,,
295,901822257,294,7317810,1615913993,45,2859,1004,1717,0,7,6997.5,0,1615903934,1615906793,0,2022-08-13 14:08:01,,,,,,,,,,,,
296,902370409,295,7317810,1615988906,44,3521,1209,2055,0,7,5722.5,0,1615978185,1615981706,0,2022-08-13 14:08:01,,,,,,,,,,,,
297,903046581,296,7317810,1616078067,46,3448,1018,2212,0,8,8631,1,1616067419,1616070867,0,2022-08-13 14:08:01,,,,,,,,,,,,
298,905993905,297,7317810,1616523309,43,3540,979,2118,0,7,11630,3,1616512569,1616516109,0,2022-08-13 14:08:01,,,,,,,,,,,,
299,906545910,298,7317810,1616593570,45,2801,1014,1827,0,7,8012.5,2,1616587169,1616589970,0,2022-08-13 14:08:01,,,,,,,,,,,,
300,907817850,299,7317810,1616770070,44,3535,1239,2084,0,7,8302.5,1,1616759335,1616762870,0,2022-08-13 14:08:01,,,,,,,,,,,,
301,908413607,300,7317810,1616873665,46,3314,1017,2007,0,8,9999,1,1616859551,1616862865,0,2022-08-13 14:08:01,,,,,,,,,,,,
302,909287188,301,7317810,1617044103,54,3364,933,2115,0,7,11140,0,1617026339,1617029703,0,2022-08-13 14:08:01,,,,,,,,,,,,
303,910077215,302,7317810,1617140841,55,3718,1299,1954,0,7,7050,0,1617122723,1617126441,0,2022-08-13 14:08:01,,,,,,,,,,,,
304,910633419,303,7317810,1617218575,56,3507,1214,2192,0,7,7542,3,1617200668,1617204175,0,2022-08-13 14:08:01,,,,,,,,,,,,
305,911112583,304,7317810,1617291257,57,3563,995,2068,0,8,9865.5,1,1617273294,1617276857,0,2022-08-13 14:08:01,,,,,,,,,,,,
306,915118490,305,7317810,1617908932,54,3348,982,2195,0,7,10840,0,1617891184,1617894532,0,2022-08-13 14:08:01,,,,,,,,,,,,
307,915690194,306,7317810,1617995691,55,3719,1257,1977,0,7,7809,1,1617977572,1617981291,0,2022-08-13 14:08:01,,,,,,,,,,,,
308,916174707,307,7317810,1618082932,56,3856,1358,2308,0,7,7259.5,0,1618064676,1618068532,0,2022-08-13 14:08:01,,,,,,,,,,,,
309,916578691,308,7317810,1618169116,57,3185,982,2077,0,8,10125.5,1,1618151531,1618154716,0,2022-08-13 14:08:01,,,,,,,,,,,,
310,918641623,309,7317810,1618430565,54,2124,470,1340,0,4,7590,1,1618414041,1618416165,0,2022-08-13 14:08:01,,,,,,,,,,,,
311,919108743,310,7317810,1618496049,55,2497,779,1553,0,5,7055,1,1618479152,1618481649,0,2022-08-13 14:08:01,,,,,,,,,,,,
312,919887641,311,7317810,1618599774,57,1753,382,931,170,3,3938,0,1618583621,1618585374,0,2022-08-13 14:08:01,,,,,,,,,,,,
313,920906987,312,7317810,1618783228,57,2857,588,1685,134,5,1742,2,1618765971,1618768828,0,2022-08-13 14:08:01,,,,,,,,,,,,
314,921215955,313,7317810,1618841034,54,2869,750,1610,0,6,8325,3,1618823765,1618826634,0,2022-08-13 14:08:01,,,,,,,,,,,,
315,922433379,314,7317810,1618970424,0,116,85,12,0,2,470,1,1618955908,1618956024,1618956025,2022-08-13 14:08:01,,,,,,,,,,,,
316,922757682,315,7317810,1619017591,55,3093,849,1736,0,6,8708,0,1619000098,1619003191,0,2022-08-13 14:08:01,,,,,,,,,,,,
317,923471872,316,7317810,1619105900,57,3882,669,1589,1084,6,9699,0,1619087618,1619091500,0,2022-08-13 14:08:01,,,,,,,,,,,,
318,926326226,317,7317810,1619535372,71,2458,790,1503,0,5,4370,1,1619518514,1619520972,0,2022-08-13 14:08:01,,,,,,,,,,,,
319,927235884,318,7317810,1619636910,72,3212,648,2002,22,6,10890,1,1619619298,1619622510,0,2022-08-13 14:08:01,,,,,,,,,,,,
320,927759450,319,7317810,1619709907,73,3391,940,1724,187,6,1725,3,1619692116,1619695507,0,2022-08-13 14:08:01,,,,,,,,,,,,
321,928681413,320,7317810,1619817913,74,2891,555,1583,303,5,4040,2,1619800622,1619803513,0,2022-08-13 14:08:01,,,,,,,,,,,,
322,929526826,321,7317810,1619988655,75,1879,1587,819,0,8,9575,2,1619972376,1619974255,0,2022-08-13 14:08:01,,,,,,,,,,,,
323,930137565,322,7317810,1620074414,76,2603,375,1287,491,5,7674,1,1620057411,1620060014,0,2022-08-13 14:08:01,,,,,,,,,,,,
324,930656098,323,7317810,1620142594,77,3207,996,2029,0,8,4262,2,1620124986,1620128193,0,2022-08-13 14:08:01,,,,,,,,,,,,
325,931469097,324,7317810,1620240015,78,2737,825,1646,0,6,15198,1,1620222878,1620225615,0,2022-08-13 14:08:01,,,,,,,,,,,,
326,932000035,325,7317810,1620313280,79,3362,982,1640,20,8,5928,4,1620295518,1620298880,0,2022-08-13 14:08:01,,,,,,,,,,,,
327,934481534,326,7317810,1620677980,0,3334,648,1340,896,5,3984,1,1620660245,1620663579,1620663580,2022-08-13 14:08:01,,,,,,,,,,,,
328,934992818,327,7317810,1620746083,72,3274,537,2128,69,6,8375,1,1620728409,1620731683,0,2022-08-13 14:08:01,,,,,,,,,,,,
329,935942841,328,7317810,1620851183,73,3893,888,1829,636,6,1970,2,1620832890,1620836783,0,2022-08-13 14:08:01,,,,,,,,,,,,
330,936339085,329,7317810,1620914809,74,2727,570,1537,170,5,4380,1,1620897682,1620900409,0,2022-08-13 14:08:01,,,,,,,,,,,,
331,936990431,330,7317810,1621001399,75,2642,1587,935,0,8,10282.5,2,1620984357,1620986999,0,2022-08-13 14:08:01,,,,,,,,,,,,
332,938808488,331,7317810,1621283884,76,2514,367,1426,271,5,7196,2,1621266970,1621269484,0,2022-08-13 14:08:01,,,,,,,,,,,,
333,939549505,332,7317810,1621368835,77,3316,1181,1917,0,8,4780.5,0,1621351119,1621354435,0,2022-08-13 14:08:01,,,,,,,,,,,,
334,940310239,333,7317810,1621457494,78,3039,687,1638,174,6,16087,3,1621440055,1621443094,0,2022-08-13 14:08:01,,,,,,,,,,,,
335,940690234,334,7317810,1621518404,79,2898,914,1612,0,8,3376,4,1621501106,1621504004,0,2022-08-13 14:08:01,,,,,,,,,,,,
336,943012085,335,7317810,1621870951,71,2248,584,1314,0,5,3412,1,1621854303,1621856551,0,2022-08-13 14:08:01,,,,,,,,,,,,
337,943771191,336,7317810,1621955232,72,3786,557,1999,690,6,9305,3,1621937046,1621940832,0,2022-08-13 14:08:01,,,,,,,,,,,,
338,944746898,337,7317810,1622060265,0,3307,912,1588,267,6,2355,1,1622042558,1622045865,1622045867,2022-08-13 14:08:01,,,,,,,,,,,,
339,946094794,338,7317810,1622229349,74,2784,564,1209,561,5,4570,2,1622212165,1622214949,0,2022-08-13 14:08:01,,,,,,,,,,,,
340,946523840,339,7317810,1622297228,75,2966,1591,687,0,8,10542.5,1,1622279862,1622282828,0,2022-08-13 14:08:01,,,,,,,,,,,,
341,947482131,340,7317810,1622475956,77,2813,1045,1314,0,8,3877.5,1,1622458743,1622461556,0,2022-08-13 14:08:01,,,,,,,,,,,,
342,951840805,341,7317810,1623073748,76,2356,372,1304,230,5,6869,0,1623056992,1623059348,0,2022-08-13 14:08:01,,,,,,,,,,,,
343,953616543,342,7317810,1623271798,77,3100,1025,1278,77,8,3719.5,1,1623254298,1623257398,0,2022-08-13 14:08:01,,,,,,,,,,,,
344,954307906,343,7317810,1623357917,78,3581,664,1422,955,6,13415.5,1,1623339936,1623343517,0,2022-08-13 14:08:01,,,,,,,,,,,,
345,955564644,344,7317810,1623534335,79,2616,788,1416,0,8,3226,2,1623517319,1623519935,0,2022-08-13 14:08:01,,,,,,,,,,,,
346,956347292,345,7317810,1623685361,71,2564,562,1363,189,5,3232,1,1623668397,1623670961,0,2022-08-13 14:08:01,,,,,,,,,,,,
347,957254061,346,7317810,1623787933,72,3548,491,1959,558,6,8795,0,1623769985,1623773533,0,2022-08-13 14:08:01,,,,,,,,,,,,
348,957972165,347,7317810,1623877088,73,3281,868,1830,43,6,2850,2,1623859407,1623862688,0,2022-08-13 14:08:01,,,,,,,,,,,,
349,958378368,348,7317810,1623937719,74,2971,573,1185,763,5,4485,0,1623920348,1623923319,0,2022-08-13 14:08:01,,,,,,,,,,,,
350,964634077,349,7317810,1624821861,76,2528,387,1280,411,5,7716,0,1624804933,1624807461,0,2022-08-13 14:08:01,,,,,,,,,,,,
351,965179466,350,7317810,1624907878,77,3635,1215,1745,0,8,4945.5,1,1624889843,1624893478,0,2022-08-13 14:08:01,,,,,,,,,,,,
352,967177074,351,7317810,1625149189,78,2664,697,1674,0,6,15961.5,2,1625132125,1625134789,0,2022-08-13 14:08:01,,,,,,,,,,,,
353,970184130,352,7317810,1625595143,71,2231,534,1232,15,5,3454,1,1625578512,1625580743,0,2022-08-13 14:08:01,,,,,,,,,,,,
354,970897137,353,7317810,1625680988,72,3092,522,1862,168,6,8280,0,1625663496,1625666588,0,2022-08-13 14:08:01,,,,,,,,,,,,
355,971578995,354,7317810,1625765877,75,2080,1563,637,0,8,9261,1,1625749397,1625751477,0,2022-08-13 14:08:01,,,,,,,,,,,,
356,972252377,355,7317810,1625854164,0,2611,856,1562,0,6,2561,2,1625837153,1625839764,1625839764,2022-08-13 14:08:01,,,,,,,,,,,,
357,972877328,356,7317810,1625943812,74,2200,547,1297,0,5,4170,0,1625927212,1625929412,0,2022-08-13 14:08:01,,,,,,,,,,,,
358,973588642,357,7317810,1626095476,0,2574,387,1320,417,5,7005,0,1626078502,1626081076,1626081077,2022-08-13 14:08:01,,,,,,,,,,,,
359,974675259,358,7317810,1626203733,77,3300,1128,1722,0,8,4028.25,3,1626186033,1626189333,0,2022-08-13 14:08:01,,,,,,,,,,,,
360,976058453,359,7317810,1626371845,78,2086,810,1361,0,6,14880,1,1626355358,1626357444,0,2022-08-13 14:08:01,,,,,,,,,,,,
361,977254847,360,7317810,1626546118,79,2868,942,1607,0,8,3641,3,1626528850,1626531718,0,2022-08-13 14:08:01,,,,,,,,,,,,
362,980196451,361,7317810,1626889233,83,1206,540,862,0,4,5688,2,1626873627,1626874833,0,2022-08-13 14:08:01,,,,,,,,,,,,
363,981559685,362,7317810,1627062017,84,1333,380,793,0,4,3130,1,1627046284,1627047617,0,2022-08-13 14:08:01,,,,,,,,,,,,
364,982160421,363,7317810,1627148692,85,1187,344,459,24,4,3660,2,1627133105,1627134292,0,2022-08-13 14:08:01,,,,,,,,,,,,
365,987953893,364,7317810,1627927796,72,3159,607,1899,113,6,9350,0,1627910237,1627913396,0,2022-08-13 14:08:01,,,,,,,,,,,,
366,988709357,365,7317810,1628009656,71,4293,751,1486,1606,5,4577.5,0,1627990963,1627995256,0,2022-08-13 14:08:01,,,,,,,,,,,,
367,989492775,366,7317810,1628100551,74,2831,534,1238,609,5,4200,1,1628083320,1628086151,0,2022-08-13 14:08:01,,,,,,,,,,,,
368,991433963,367,7317810,1628365230,73,2748,920,1650,0,6,2884.5,2,1628348082,1628350830,0,2022-08-13 14:08:01,,,,,,,,,,,,
369,992445050,368,7317810,1628531783,76,2172,381,1287,54,5,6780,0,1628515211,1628517383,0,2022-08-13 14:08:01,,,,,,,,,,,,
370,993979460,369,7317810,1628705844,77,3931,999,1979,233,8,4558.5,1,1628687513,1628691444,0,2022-08-13 14:08:01,,,,,,,,,,,,
371,995403429,370,7317810,1628882009,78,2841,825,1812,0,6,17370,0,1628864768,1628867609,0,2022-08-13 14:08:01,,,,,,,,,,,,
372,995910088,371,7317810,1628966822,79,2965,1007,1655,0,8,5395,2,1628949457,1628952422,0,2022-08-13 14:08:01,,,,,,,,,,,,
373,998332784,372,7317810,1629310201,71,2618,645,1339,184,5,4364,0,1629293183,1629295801,0,2022-08-13 14:08:01,,,,,,,,,,,,
374,999012422,373,7317810,1629397896,72,3432,537,2062,293,6,8320,2,1629380064,1629383496,0,2022-08-13 14:08:01,,,,,,,,,,,,
375,999698923,374,7317810,1629484791,0,3079,880,1787,0,6,3233,2,1629467312,1629470391,1629470392,2022-08-13 14:08:01,,,,,,,,,,,,
376,1000222328,375,7317810,1629575892,74,2662,850,1206,0,8,5380,2,1629551630,1629554292,0,2022-08-13 14:08:01,,,,,,,,,,,,
377,1000241375,376,7317810,1629570020,75,1186,948,349,0,5,7080,1,1629554434,1629555620,0,2022-08-13 14:08:01,,,,,,,,,,,,
378,1001023265,377,7317810,1629719783,0,2443,383,1387,223,5,7010,0,1629710140,1629712583,1629712584,2022-08-13 14:08:01,,,,,,,,,,,,
379,1001918032,378,7317810,1629828254,77,3150,1150,1814,0,8,5447.25,0,1629810704,1629813854,0,2022-08-13 14:08:01,,,,,,,,,,,,
380,1002708777,379,7317810,1629914087,78,2843,700,1447,156,6,14605,1,1629904044,1629906887,0,2022-08-13 14:08:01,,,,,,,,,,,,
381,1003303934,380,7317810,1630001403,79,2813,970,1529,0,8,4031,1,1629984190,1629987003,0,2022-08-13 14:08:01,,,,,,,,,,,,
382,1005460668,381,7317810,1630351631,0,2179,559,1368,0,5,3404,1,1630335052,1630337231,1630337232,2022-08-13 14:08:01,,,,,,,,,,,,
383,1006227554,382,7317810,1630436943,72,3373,557,1892,384,6,9050,1,1630419170,1630422543,0,2022-08-13 14:08:01,,,,,,,,,,,,
384,1006961428,383,7317810,1630522862,73,2646,912,1581,0,6,3579,2,1630505816,1630508462,0,2022-08-13 14:08:01,,,,,,,,,,,,
385,1008740562,384,7317810,1630779171,74,3780,1218,1691,0,10,11590,2,1630760991,1630764771,0,2022-08-13 14:08:01,,,,,,,,,,,,
386,1010398512,385,7317810,1631037956,76,2332,396,1293,193,5,6430,0,1631021224,1631023556,0,2022-08-13 14:08:01,,,,,,,,,,,,
387,1011127172,386,7317810,1631129998,77,2868,1050,1384,0,8,4195.75,2,1631112730,1631115598,0,2022-08-13 14:08:01,,,,,,,,,,,,
388,1011678732,387,7317810,1631210460,78,1946,664,1243,0,6,11825,0,1631194114,1631196060,0,2022-08-13 14:08:01,,,,,,,,,,,,
389,1012790935,388,7317810,1631382010,79,2630,813,1449,0,8,3330,1,1631364980,1631367610,0,2022-08-13 14:08:01,,,,,,,,,,,,
390,1014395571,389,7317810,1631642762,0,2264,532,1333,0,5,3222,1,1631626098,1631628362,1631628363,2022-08-13 14:08:01,,,,,,,,,,,,
391,1015080442,390,7317810,1631729615,72,3121,514,1797,270,6,8415,0,1631712094,1631715215,0,2022-08-13 14:08:01,,,,,,,,,,,,
392,1016881498,391,7317810,1631989248,73,4487,1436,2299,0,10,8284.25,1,1631970361,1631974848,0,2022-08-13 14:08:01,,,,,,,,,,,,
393,1017787202,392,7317810,1632161987,76,2337,458,1483,0,5,9240,1,1632145250,1632147587,0,2022-08-13 14:08:01,,,,,,,,,,,,
394,1018468270,393,7317810,1632247759,77,3424,1166,1961,0,8,6718.25,2,1632229935,1632233359,0,2022-08-13 14:08:01,,,,,,,,,,,,
395,1019118460,394,7317810,1632337083,78,2895,733,1499,123,6,14935,0,1632319788,1632322683,0,2022-08-13 14:08:01,,,,,,,,,,,,
396,1020880715,395,7317810,1632597303,79,2924,997,1721,0,8,4124,0,1632579979,1632582903,0,2022-08-13 14:08:01,,,,,,,,,,,,
397,1021656536,396,7317810,1632758477,71,2128,559,1204,0,5,3587,0,1632741949,1632744077,0,2022-08-13 14:08:01,,,,,,,,,,,,
398,1022425265,397,7317810,1632851601,72,3679,552,1924,663,6,9722.5,0,1632833522,1632837201,0,2022-08-13 14:08:01,,,,,,,,,,,,
399,1023120933,398,7317810,1632939717,73,2834,868,1643,0,6,2234,2,1632922483,1632925317,0,2022-08-13 14:08:01,,,,,,,,,,,,
400,1023699199,399,7317810,1633026187,74,2927,558,1270,649,5,5538,1,1633008860,1633011787,0,2022-08-13 14:08:01,,,,,,,,,,,,
401,1024839956,400,7317810,1633199296,75,3301,1473,818,290,8,9357,0,1633188795,1633192096,0,2022-08-13 14:08:01,,,,,,,,,,,,
402,1026460657,401,7317810,1633463164,83,1941,479,793,309,4,9630,1,1633446823,1633448764,0,2022-08-13 14:08:01,,,,,,,,,,,,
403,1027065861,402,7317810,1633542546,84,1561,400,817,0,4,2453,1,1633526585,1633528146,0,2022-08-13 14:08:01,,,,,,,,,,,,
404,1027763499,403,7317810,1633636654,85,2179,283,684,852,4,3352,2,1633620075,1633622254,0,2022-08-13 14:08:01,,,,,,,,,,,,
405,1030436911,404,7317810,1634068683,76,3144,369,1233,1092,5,6822,1,1634051139,1634054283,0,2022-08-13 14:08:01,,,,,,,,,,,,
406,1031082378,405,7317810,1634155010,77,3736,1110,1673,233,8,3889.5,1,1634136873,1634140609,0,2022-08-13 14:08:01,,,,,,,,,,,,
407,1032247988,406,7317810,1634324200,78,1968,702,1166,0,6,12250,1,1634307832,1634309800,0,2022-08-13 14:08:01,,,,,,,,,,,,
408,1032719285,407,7317810,1634410735,79,2760,1010,1591,0,8,4520,0,1634393575,1634396335,0,2022-08-13 14:08:01,,,,,,,,,,,,
409,1034421028,408,7317810,1634673787,71,3258,766,1471,571,5,4853,0,1634656129,1634659387,0,2022-08-13 14:08:01,,,,,,,,,,,,
410,1035049970,409,7317810,1634756441,72,3444,607,1922,375,6,10815,1,1634738597,1634742041,0,2022-08-13 14:08:01,,,,,,,,,,,,
411,1036272409,410,7317810,1634933400,0,2873,948,1697,0,6,2358,2,1634916127,1634919000,1634919001,2022-08-13 14:08:01,,,,,,,,,,,,
412,1036855232,411,7317810,1635031670,74,3906,1315,1725,0,11,13996,2,1635013364,1635017270,0,2022-08-13 14:08:01,,,,,,,,,,,,
413,1037706872,412,7317810,1635192957,76,2419,393,1329,247,5,8011,1,1635176138,1635178557,0,2022-08-13 14:08:01,,,,,,,,,,,,
414,1038394720,413,7317810,1635278386,77,3524,1024,2169,0,8,3466.5,1,1635260462,1635263986,0,2022-08-13 14:08:01,,,,,,,,,,,,
415,1039006063,414,7317810,1635363267,0,2983,774,1716,0,6,16966,2,1635345884,1635348867,1635348868,2022-08-13 14:08:01,,,,,,,,,,,,
416,1039543844,415,7317810,1635435645,79,3416,1017,1604,75,8,5466,1,1635421429,1635424845,0,2022-08-13 14:08:01,,,,,,,,,,,,
417,1042459319,416,7317810,1635888190,71,2125,623,1313,0,5,4262,2,1635878865,1635880990,0,2022-08-13 14:08:01,,,,,,,,,,,,
418,1043037504,417,7317810,1635962219,72,3554,577,2093,344,6,10140,1,1635951465,1635955019,0,2022-08-13 14:08:01,,,,,,,,,,,,
419,1043669179,418,7317810,1636043942,73,3037,902,1694,0,6,2783,2,1636033705,1636036742,0,2022-08-13 14:08:01,,,,,,,,,,,,
420,1044211891,419,7317810,1636125269,74,2943,570,1211,712,5,5768,1,1636115126,1636118069,0,2022-08-13 14:08:01,,,,,,,,,,,,
421,1046453277,420,7317810,1636473896,76,2341,395,1484,12,5,8282,1,1636464355,1636466696,0,2022-08-13 14:08:01,,,,,,,,,,,,
422,1047103253,421,7317810,1636551617,77,3577,1195,1879,0,8,5183,1,1636540840,1636544417,0,2022-08-13 14:08:01,,,,,,,,,,,,
423,1048501875,422,7317810,1636747250,0,3091,724,1557,270,6,19254,1,1636736954,1636740045,0,2022-08-13 14:08:01,,,,,,,,,,,,
424,1049058200,423,7317810,1636840554,0,2653,989,1331,0,8,3983,2,1636830697,1636833350,0,2022-08-13 14:08:01,,,,,,,,,,,,
425,1049716953,424,7317810,1636981951,0,2214,589,1295,0,5,3692,0,1636972535,1636974749,0,2022-08-13 14:08:01,,,,,,,,,,,,
426,1050720864,425,7317810,1637087951,0,3650,614,1895,601,6,11010,0,1637077098,1637080748,0,2022-08-13 14:08:01,,,,,,,,,,,,
427,1052042781,426,7317810,1637260430,0,2701,984,1649,0,6,3012,2,1637250528,1637253229,0,2022-08-13 14:08:01,,,,,,,,,,,,
428,1052460218,427,7317810,1637328724,0,4310,1306,1689,325,11,14594,3,1637317212,1637321522,0,2022-08-13 14:08:01,,,,,,,,,,,,
429,1054800244,428,7317810,1637692211,0,2320,408,1327,135,5,7845,0,1637682690,1637685010,0,2022-08-13 14:08:01,,,,,,,,,,,,
430,1055995727,429,7317810,1637862118,0,3044,1030,1615,0,8,4000,1,1637851873,1637854917,0,2022-08-13 14:08:01,,,,,,,,,,,,
431,1056559963,430,7317810,1637957080,0,2447,646,1358,0,6,15563,0,1637947430,1637949877,0,2022-08-13 14:08:01,,,,,,,,,,,,
432,1056912141,431,7317810,1638023084,0,3134,780,1562,72,8,3245,2,1638012749,1638015883,0,2022-08-13 14:08:01,,,,,,,,,,,,
433,1058156469,432,7317810,1638219121,0,2234,522,1359,0,5,3351,1,1638209686,1638211920,0,2022-08-13 14:08:01,,,,,,,,,,,,
434,1058744261,433,7317810,1638294075,0,3184,496,1552,596,6,10137,2,1638283689,1638286873,0,2022-08-13 14:08:01,,,,,,,,,,,,
435,1059266449,434,7317810,1638366113,0,2801,890,1802,0,6,3364,2,1638356112,1638358913,0,2022-08-13 14:08:01,,,,,,,,,,,,
436,1060049405,435,7317810,1638469016,0,2552,573,1110,419,5,5673,0,1638459260,1638461812,0,2022-08-13 14:08:01,,,,,,,,,,,,
437,1062931254,436,7317810,1638906448,0,2414,423,1287,254,5,8791,1,1638896831,1638899245,0,2022-08-13 14:08:01,,,,,,,,,,,,
438,1063714940,437,7317810,1639000343,77,3568,1158,1921,0,8,6995,0,1638989575,1638993143,0,2022-08-13 14:08:01,,,,,,,,,,,,
439,1064334623,438,7317810,1639084627,0,3174,699,1543,392,6,19234,2,1639074250,1639077424,0,2022-08-13 14:08:01,,,,,,,,,,,,
440,1064677841,439,7317810,1639141329,0,3145,1056,1742,0,8,2610,0,1639130981,1639134126,0,2022-08-13 14:08:01,,,,,,,,,,,,
441,1067294219,440,7317810,1639515910,0,2462,461,1251,210,6,9657,2,1639506246,1639508708,0,2022-08-13 14:08:01,,,,,,,,,,,,
442,1067922554,441,7317810,1639592525,0,2006,480,884,192,5,2252,1,1639583317,1639585323,0,2022-08-13 14:08:01,,,,,,,,,,,,
443,1069232195,442,7317810,1639771186,0,2370,775,940,115,6,2020,3,1639761613,1639763983,0,2022-08-13 14:08:01,,,,,,,,,,,,
444,1069701159,443,7317810,1639852606,0,3498,1161,1939,0,11,14410,2,1639841906,1639845404,0,2022-08-13 14:08:01,,,,,,,,,,,,
445,1077285118,444,7317810,1641158823,0,3391,807,2140,0,7,4290,1,1641148230,1641151621,0,2022-08-13 14:08:01,,,,,,,,,,,,
446,1077815043,445,7317810,1641236063,0,3560,804,2290,0,7,8332,3,1641225298,1641228858,0,2022-08-13 14:08:01,,,,,,,,,,,,
447,1078512969,446,7317810,1641321606,0,3798,794,2090,194,8,8800,4,1641310606,1641314404,0,2022-08-13 14:08:01,,,,,,,,,,,,
448,1079834421,447,7317810,1641493125,0,3041,958,1980,0,6,5550,1,1641482883,1641485924,0,2022-08-13 14:08:01,,,,,,,,,,,,
449,1082848087,448,7317810,1641927626,0,3024,854,1733,0,7,15658,3,1641917402,1641920426,0,2022-08-13 14:08:01,,,,,,,,,,,,
450,1083550068,449,7317810,1642013148,0,3026,1088,1678,0,7,3620,2,1642002919,1642005945,0,2022-08-13 14:08:01,,,,,,,,,,,,
451,1084031111,450,7317810,1642079019,0,3215,696,1572,317,7,10030,1,1642068602,1642071817,0,2022-08-13 14:08:01,,,,,,,,,,,,
452,1084810699,451,7317810,1642177635,0,2548,868,1336,0,7,6260,1,1642167885,1642170433,0,2022-08-13 14:08:01,,,,,,,,,,,,
453,1086451521,452,7317810,1642434577,0,3314,809,1831,44,7,5700,1,1642424061,1642427375,0,2022-08-13 14:08:01,,,,,,,,,,,,
454,1087192292,453,7317810,1642520048,0,3174,971,1732,0,7,5282,0,1642509672,1642512846,0,2022-08-13 14:08:01,,,,,,,,,,,,
455,1088788684,454,7317810,1642707592,0,3563,840,1878,35,9,10258,2,1642696827,1642700390,0,2022-08-13 14:08:01,,,,,,,,,,,,
456,1089340132,455,7317810,1642776744,0,3246,886,1794,26,6,5738,1,1642766296,1642769542,0,2022-08-13 14:08:01,,,,,,,,,,,,
457,1089892643,456,7317810,1642859699,0,2088,849,413,376,5,6191,4,1642850408,1642852496,0,2022-08-13 14:08:01,,,,,,,,,,,,
458,1091917278,457,7317810,1643127297,0,2993,906,1973,0,7,17949,2,1643117102,1643120095,0,2022-08-13 14:08:01,,,,,,,,,,,,
459,1092644550,458,7317810,1643209867,0,3017,1133,1888,0,7,4210,1,1643199648,1643202665,0,2022-08-13 14:08:01,,,,,,,,,,,,
460,1093428357,459,7317810,1643302534,0,2832,768,1788,0,7,10917,0,1643292499,1643295331,0,2022-08-13 14:08:01,,,,,,,,,,,,
461,1094062664,460,7317810,1643383759,0,2609,923,1690,0,7,6507,0,1643373947,1643376556,0,2022-08-13 14:08:01,,,,,,,,,,,,
462,1096739839,461,7317810,1643750856,0,3015,810,1700,0,8,5775,1,1643740639,1643743654,0,2022-08-13 14:08:01,,,,,,,,,,,,
463,1097113176,462,7317810,1643802911,0,3116,1002,1498,0,7,4972,2,1643792593,1643795709,0,2022-08-13 14:08:01,,,,,,,,,,,,
464,1100434926,463,7317810,1644255096,0,3519,785,1800,214,8,10108,1,1644244375,1644247894,0,2022-08-13 14:08:01,,,,,,,,,,,,
465,1102930083,464,7317810,1644512725,0,3596,960,1568,438,7,10347,2,1644501926,1644505522,0,2022-08-13 14:08:01,,,,,,,,,,,,
466,1105211797,465,7317810,1644843350,0,2709,938,1338,0,7,18853,3,1644833440,1644836149,0,2022-08-13 14:08:01,,,,,,,,,,,,
467,1106899911,466,7317810,1645015792,0,3575,1153,2059,0,7,4660,1,1645005016,1645008591,0,2022-08-13 14:08:01,,,,,,,,,,,,
468,1107959050,467,7317810,1645119086,0,3069,783,1657,0,7,11292,0,1645108815,1645111884,0,2022-08-13 14:08:01,,,,,,,,,,,,
469,1109860485,468,7317810,1645387936,0,3128,958,1768,0,7,6816,0,1645377606,1645380734,0,2022-08-13 14:08:01,,,,,,,,,,,,
470,1112383205,469,7317810,1645634118,0,3099,530,1738,381,5,7261,1,1645623815,1645626914,0,2022-08-13 14:08:01,,,,,,,,,,,,
471,1113266958,470,7317810,1645733756,0,2411,620,1361,0,5,7408,0,1645724143,1645726554,0,2022-08-13 14:08:01,,,,,,,,,,,,
472,1113890374,471,7317810,1645808374,0,3250,808,2161,0,7,9578,4,1645797922,1645801172,0,2022-08-13 14:08:01,,,,,,,,,,,,
473,1114443348,472,7317810,1645892659,0,3228,800,1299,679,5,4738,2,1645882228,1645885456,0,2022-08-13 14:08:01,,,,,,,,,,,,
474,1116420671,473,7317810,1646151386,0,2469,807,1169,0,8,12751,2,1646141714,1646144183,0,2022-08-13 14:08:01,,,,,,,,,,,,
475,1122268726,474,7317810,1646839732,0,2892,982,1369,0,7,6317,4,1646829638,1646832530,0,2022-08-13 14:08:01,,,,,,,,,,,,
476,1123081487,475,7317810,1646925110,0,2576,712,1248,0,7,14960,2,1646915333,1646917909,0,2022-08-13 14:08:01,,,,,,,,,,,,
477,1124154839,476,7317810,1647040628,0,3069,680,1376,383,7,3555,2,1647030356,1647033425,0,2022-08-13 14:08:01,,,,,,,,,,,,
478,1125790793,477,7317810,1647277454,0,2474,476,1387,161,5,5680,1,1647267778,1647270252,0,2022-08-13 14:08:01,,,,,,,,,,,,
479,1127364188,478,7317810,1647439857,95,2800,558,1182,520,6,6407,1,1647429855,1647432655,0,2022-08-13 14:08:01,,,,,,,,,,,,
480,1128958072,479,7317810,1647623679,0,2876,802,1783,0,7,9370,3,1647613597,1647616473,0,2022-08-13 14:08:01,,,,,,,,,,,,
481,1129502154,480,7317810,1647699448,0,1531,769,863,0,5,4379,2,1647690716,1647692247,0,2022-08-13 14:08:01,,,,,,,,,,,,
482,1131662999,481,7317810,1647959129,0,2593,963,1135,0,8,15155,3,1647949335,1647951928,0,2022-08-13 14:08:01,,,,,,,,,,,,
483,1132712428,482,7317810,1648055033,0,2816,1067,1575,0,7,7167,1,1648045016,1648047832,0,2022-08-13 14:08:01,,,,,,,,,,,,
484,1133548347,483,7317810,1648142821,0,3145,899,1531,85,7,16401,0,1648132474,1648135619,0,2022-08-13 14:08:01,,,,,,,,,,,,
485,1134213479,484,7317810,1648219213,0,2688,633,1478,37,6,3453,0,1648205724,1648208412,0,2022-08-13 14:08:01,,,,,,,,,,,,
486,1137177642,485,7317810,1648570013,0,2114,406,1106,152,5,4980,0,1648553496,1648555610,0,2022-08-13 14:08:01,,,,,,,,,,,,
487,1138243114,486,7317810,1648665997,0,3693,690,1544,919,6,7250,0,1648647901,1648651594,0,2022-08-13 14:08:01,,,,,,,,,,,,
488,1139777590,487,7317810,1648822880,0,3006,792,1525,59,7,9325,3,1648805471,1648808477,0,2022-08-13 14:08:01,,,,,,,,,,,,
489,1141292544,488,7317810,1649015223,0,2517,825,1403,0,5,4827,1,1648998303,1649000820,0,2022-08-13 14:08:01,,,,,,,,,,,,
490,1144184864,489,7317810,1649281010,0,2945,975,1011,239,8,15340,1,1649263663,1649266608,0,2022-08-13 14:08:01,,,,,,,,,,,,
491,1145007397,490,7317810,1649356695,0,2644,1078,1518,0,7,6807,1,1649339648,1649342292,0,2022-08-13 14:08:01,,,,,,,,,,,,
492,1146542659,491,7317810,1649528438,101,2243,899,1229,0,7,16261,1,1649511795,1649514038,0,2022-08-13 14:08:01,,,,,,,,,,,,
493,1147233793,492,7317810,1649625021,0,2723,648,1540,0,6,3955,0,1649607896,1649610619,0,2022-08-13 14:08:01,,,,,,,,,,,,
494,1147849558,493,7317810,1649699889,0,2791,708,1759,0,6,5681,1,1649682695,1649685486,0,2022-08-13 14:08:01,,,,,,,,,,,,
495,1148841749,494,7317810,1649787606,0,3632,782,1539,771,6,7430,1,1649769573,1649773205,0,2022-08-13 14:08:01,,,,,,,,,,,,
496,1149622346,495,7317810,1649865973,0,2720,904,1385,0,7,10017,2,1649848851,1649851571,0,2022-08-13 14:08:01,,,,,,,,,,,,
497,1150490311,496,7317810,1649948058,0,2835,566,1519,300,5,7428,1,1649930821,1649933656,0,2022-08-13 14:08:01,,,,,,,,,,,,
498,1154245339,497,7317810,1650380014,0,2858,640,1647,31,6,5816,0,1650362754,1650365612,0,2022-08-13 14:08:01,,,,,,,,,,,,
499,1155450934,498,7317810,1650481880,104,2927,772,1573,42,6,7170,1,1650464553,1650467480,0,2022-08-13 14:08:01,,,,,,,,,,,,
500,1156146821,499,7317810,1650553334,0,2760,898,1532,0,7,10835,0,1650536172,1650538932,0,2022-08-13 14:08:01,,,,,,,,,,,,
501,1158696199,500,7317810,1650843406,0,2422,530,1364,78,5,7092,0,1650826583,1650829005,0,2022-08-13 14:08:01,,,,,,,,,,,,
502,1158995578,501,7317810,1650893978,0,3150,648,1806,156,6,5951,1,1650876423,1650879573,0,2022-08-13 14:08:01,,,,,,,,,,,,
503,1160097138,502,7317810,1650986758,0,3032,742,1513,237,6,6795,2,1650969325,1650972357,0,2022-08-13 14:08:01,,,,,,,,,,,,
504,1162122896,503,7317810,1651160538,0,2822,915,1485,0,7,10782,0,1651143314,1651146136,0,2022-08-13 14:08:01,,,,,,,,,,,,
505,1165299165,504,7317810,1651512521,0,2503,479,1162,412,5,6443,0,1651495616,1651498119,0,2022-08-13 14:08:01,,,,,,,,,,,,
506,1166343924,505,7317810,1651597813,0,3172,648,1758,226,6,5981,0,1651580239,1651583411,0,2022-08-13 14:08:01,,,,,,,,,,,,
507,1167255427,506,7317810,1651677981,0,2952,682,1285,445,6,6045,0,1651660627,1651663579,0,2022-08-13 14:08:01,,,,,,,,,,,,
508,1169028261,507,7317810,1651846847,0,2827,911,1487,0,7,12060,1,1651829617,1651832444,0,2022-08-13 14:08:01,,,,,,,,,,,,
509,1170767394,508,7317810,1652049971,0,2628,497,1695,0,5,6991,1,1652032943,1652035571,0,2022-08-13 14:08:01,,,,,,,,,,,,
510,1171381320,509,7317810,1652120382,0,2107,538,1235,0,6,5423,2,1652103873,1652105980,0,2022-08-13 14:08:01,,,,,,,,,,,,
511,1174279120,510,7317810,1652365650,104,2417,606,1236,35,6,4995,1,1652348819,1652351236,0,2022-08-13 14:08:01,,,,,,,,,,,,
512,1180669512,511,7317810,1652977139,0,2937,799,1355,153,7,9840,1,1652959800,1652962737,0,2022-08-13 14:08:01,,,,,,,,,,,,
513,1181554875,512,7317810,1653061270,0,2769,465,1591,263,5,6450,0,1653044100,1653046869,0,2022-08-13 14:08:01,,,,,,,,,,,,
514,1183323523,513,7317810,1653259287,0,2907,520,1700,147,6,5530,1,1653241978,1653244885,0,2022-08-13 14:08:01,,,,,,,,,,,,
515,1186516612,514,7317810,1653519497,0,3204,553,1567,544,6,6025,3,1653501891,1653505095,0,2022-08-13 14:08:01,,,,,,,,,,,,
516,1187307812,515,7317810,1653589746,0,2479,698,1131,20,7,9120,2,1653572867,1653575346,0,2022-08-13 14:08:01,,,,,,,,,,,,
517,1189342831,516,7317810,1653781722,0,3098,363,1727,558,5,5251,1,1653764221,1653767319,0,2022-08-13 14:08:01,,,,,,,,,,,,
518,1191456462,517,7317810,1654022452,0,2608,442,1325,301,6,4230,2,1654005442,1654008050,0,2022-08-13 14:08:01,,,,,,,,,,,,
519,1192712759,518,7317810,1654119623,0,2818,448,1218,612,6,5375,0,1654102404,1654105222,0,2022-08-13 14:08:01,,,,,,,,,,,,
520,1193688679,519,7317810,1654199389,0,2483,689,1211,0,7,8350,0,1654182504,1654184987,0,2022-08-13 14:08:01,,,,,,,,,,,,
521,1194362947,520,7317810,1654266931,0,2478,337,1394,297,5,4844,1,1654250050,1654252528,0,2022-08-13 14:08:01,,,,,,,,,,,,
522,1196985627,521,7317810,1654542084,0,2571,458,1289,284,6,4390,1,1654525111,1654527682,0,2022-08-13 14:08:01,,,,,,,,,,,,
523,1199210212,522,7317810,1654713447,0,3219,537,1280,862,6,5830,2,1654695827,1654699046,0,2022-08-13 14:08:01,,,,,,,,,,,,
524,1200131242,523,7317810,1654792257,0,2594,703,1241,20,7,9005,0,1654775261,1654777855,0,2022-08-13 14:08:01,,,,,,,,,,,,
525,1201039834,524,7317810,1654876700,0,1942,319,1168,5,5,4618,0,1654860356,1654862298,0,2022-08-13 14:08:01,,,,,,,,,,,,
526,1205782143,525,7317810,1655317025,0,1778,184,779,455,4,2679,1,1655300846,1655302624,0,2022-08-13 14:08:01,,,,,,,,,,,,
527,1208773840,526,7317810,1655593593,0,1756,275,865,256,4,2050,0,1655577435,1655579191,0,2022-08-13 14:08:01,,,,,,,,,,,,
528,1209270741,527,7317810,1655667898,0,1986,385,914,327,4,2322,0,1655651511,1655653497,0,2022-08-13 14:08:01,,,,,,,,,,,,
529,1211113033,528,7317810,1655828773,0,717,236,388,0,3,1945,1,1655813653,1655814370,0,2022-08-13 14:08:01,,,,,,,,,,,,
530,1212474545,529,7317810,1655925341,0,1270,70,258,672,3,845,3,1655909669,1655910939,0,2022-08-13 14:08:01,,,,,,,,,,,,
531,1213355314,530,7317810,1656000780,0,905,270,435,0,3,2385,2,1655985472,1655986377,0,2022-08-13 14:08:01,,,,,,,,,,,,
532,1216936623,531,7317810,1656364255,0,2480,795,1372,0,5,4952,0,1656347373,1656349853,0,2022-08-13 14:08:01,,,,,,,,,,,,
533,1219293025,532,7317810,1656545252,0,3552,607,1886,429,7,11417,3,1656527300,1656530852,0,2022-08-13 14:08:01,,,,,,,,,,,,
534,1220326124,533,7317810,1656630332,0,3020,916,1656,0,6,2579,1,1656612911,1656615931,0,2022-08-13 14:08:01,,,,,,,,,,,,
535,1221739545,534,7317810,1656777352,0,2667,555,1066,596,5,5150,2,1656760284,1656762951,0,2022-08-13 14:08:01,,,,,,,,,,,,
536,1223343214,535,7317810,1656959344,107,4263,864,2225,544,7,15060,0,1656940678,1656944941,0,2022-08-13 14:08:01,,,,,,,,,,,,
537,1234553323,536,7317810,1657910947,0,3302,987,1877,0,7,8598,0,1657893244,1657896546,0,2022-08-13 14:08:01,,,,,,,,,,,,
538,1235455467,537,7317810,1657998057,109,3085,978,1715,0,7,10745,0,1657980570,1657983655,0,2022-08-13 14:08:01,,,,,,,,,,,,
539,1238381741,538,7317810,1658260919,107,3838,854,2349,5,7,10490,1,1658242680,1658246518,0,2022-08-13 14:08:01,,,,,,,,,,,,
540,1242487448,539,7317810,1658602384,0,3655,1027,1984,0,8,8558,1,1658584328,1658587983,0,2022-08-13 14:08:01,,,,,,,,,,,,
541,1249728611,540,7317810,1659202448,0,3445,978,1827,10,7,12007,2,1659191796,1659195241,0,2022-08-08 15:02:22,,,,,,,,,,,,
542,1258600222,541,7317810,1659970932,0,3086,901,2118,0,7,14250,1,1659967842,1659970928,0,2022-08-08 15:02:12,,,,,,,,,,,,
543,1264328472,542,7317810,1660406872,0,3510,1049,1947,0,7,8098,0,1660396159,1660399669,0,2022-08-23 15:48:17,,,,,,,,,,,,
544,1274885581,543,7317810,1661276896,0,2709,480,1580,289,4,4950,0,1661266984,1661269693,0,2022-08-25 15:14:53,,,,,,,,,,,,
545,1277245795,544,7317810,1661440491,107,3500,882,2182,0,7,14034,0,1661436989,1661440489,0,2022-08-25 15:14:51,,,,,,,,,,,,
546,######################################################,,,,,,,,,,,,,,,,,,,,,,,,,,,
